Trace,Baseline,CPU,NumCPUs,HomogeneousMix,MPKI,IPC,LoadMisses,RFOMisses
astar_313B.trace.gz,lru,0,1,True,43.168846,0.115009,11600865,9983558
mcf_46B.trace.gz,lru,0,1,True,69.356924,0.0993034,34016591,661871
cc.trace.gz,lru,0,1,True,6.018132,0.509478,3007332,1734
soplex_66B.trace.gz,lru,0,1,True,25.674554,0.381451,10406229,2431048
pr.trace.gz,lru,0,1,True,12.761645974476709,0.254517,6302978,77845
sphinx3_2520B.trace.gz,lru,0,1,True,11.646807953412768,0.700962,5386571,436833
omnetpp_340B.trace.gz,lru,0,1,True,17.227995896632024,0.283733,7374627,1239371
bfs.trace.gz,lru,0,1,True,10.605378,0.40099,5232029,70660
pr.trace.gz,lru,0,2,False,13.224695973550608,0.23168,6537103,75245
mcf_46B.trace.gz,lru,1,2,False,66.829548,0.100148,32797125,617649
astar_313B.trace.gz,lru,0,2,True,43.69226,0.110857,11598734,10247396
astar_313B.trace.gz,lru,1,2,True,43.692337737845975,0.110857,11601886,10244283
cc.trace.gz,lru,0,2,False,6.0802279756790885,0.471293,3038066,2048
bfs.trace.gz,lru,1,2,False,8.949265946304404,0.403697,4438768,35865
mcf_46B.trace.gz,lru,0,2,True,69.40373158357761,0.0947581,34037823,664043
mcf_46B.trace.gz,lru,1,2,True,69.3800975837194,0.0947584,34026661,663388
xalancbmk_99B.trace.gz,lru,0,1,True,29.152643941694713,0.257291,14531054,45268
sphinx3_2520B.trace.gz,lru,0,2,False,4.9008499705949,0.799739,2274362,176063
astar_313B.trace.gz,lru,1,2,False,43.586851738478884,0.115107,11453022,10340404
xalancbmk_99B.trace.gz,lru,0,2,False,27.925499888298003,0.244556,13922015,40735
bfs.trace.gz,lru,1,2,False,11.641002,0.343229,5773862,46639
xalancbmk_99B.trace.gz,lru,0,2,False,28.539177942921643,0.224864,14227776,41813
omnetpp_340B.trace.gz,lru,1,2,False,17.623645929505418,0.272563,7549388,1262435
cc.trace.gz,lru,0,2,False,6.657902,0.409894,3326865,2086
soplex_66B.trace.gz,lru,1,2,False,21.306315872162102,0.39028,8471829,2181329
mcf_46B.trace.gz,lru,0,2,False,66.32347760205913,0.100461,32555911,605828
cc.trace.gz,lru,1,2,False,6.26181996242908,0.421757,3129610,1300
mcf_46B.trace.gz,lru,0,2,False,68.599492,0.0969355,33640005,659741
xalancbmk_99B.trace.gz,lru,1,2,False,29.29858788280565,0.220873,14605367,43927
astar_313B.trace.gz,lru,0,2,False,43.64348973813906,0.115068,11462348,10359397
sphinx3_2520B.trace.gz,lru,1,2,False,4.80745,0.810545,2222873,180852
mcf_46B.trace.gz,lru,0,2,False,67.39524973041901,0.0940986,33065986,631639
astar_313B.trace.gz,lru,1,2,False,43.710261912579476,0.113605,11498523,10356608
omnetpp_340B.trace.gz,lru,0,2,False,16.23520993505916,0.287962,6944777,1172828
cc.trace.gz,lru,1,2,False,6.14501,0.427247,3071323,1182
omnetpp_340B.trace.gz,lru,0,2,False,17.796295928814818,0.264813,7626529,1271619
mcf_46B.trace.gz,lru,1,2,False,67.81809559309143,0.0957216,33268119,640929
astar_313B.trace.gz,lru,0,2,False,44.03484773579091,0.111604,11596106,10421318
soplex_66B.trace.gz,lru,1,2,False,22.45843986524936,0.341403,9008576,2220644
pr.trace.gz,lru,0,2,False,14.119865971760268,0.222918,6958493,101440
soplex_66B.trace.gz,lru,1,2,False,21.642872,0.382985,8620635,2200801
mcf_46B.trace.gz,lru,0,2,False,70.41906357748562,0.0918263,34512263,697269
soplex_66B.trace.gz,lru,1,2,False,23.93178395213643,0.338111,9659253,2306639
bfs.trace.gz,lru,0,2,False,11.58362,0.329668,5742569,49241
mcf_46B.trace.gz,lru,1,2,False,67.10862559734824,0.0991734,32929249,625064
mcf_46B.trace.gz,lru,0,2,False,67.11355559731867,0.0988116,32931540,625238
bfs.trace.gz,lru,1,2,False,11.606916,0.33034,5754141,49317
mcf_46B.trace.gz,lru,0,2,False,69.04629358572224,0.0970345,33854063,669084
sphinx3_2520B.trace.gz,lru,1,2,False,9.301087962795648,0.657231,4296405,354139
sphinx3_2520B.trace.gz,lru,0,2,False,11.473216,0.565076,5290909,445699
soplex_66B.trace.gz,lru,1,2,False,23.502013952995974,0.362225,9465959,2285048
omnetpp_340B.trace.gz,lru,0,2,False,17.615511929537952,0.272639,7545620,1262136
xalancbmk_99B.trace.gz,lru,1,2,False,28.5801758856793,0.224336,14247894,42194
omnetpp_340B.trace.gz,lru,0,2,False,16.76306996647386,0.269592,7178601,1202934
astar_313B.trace.gz,lru,1,2,False,43.11800791376398,0.114963,11364115,10194889
soplex_66B.trace.gz,lru,0,2,False,23.362645953274708,0.365238,9399618,2281705
sphinx3_2520B.trace.gz,lru,1,2,False,11.446436,0.56636,5272796,450422
bfs.trace.gz,lru,0,2,False,9.236124,0.394748,4583070,34992
pr.trace.gz,lru,1,2,False,12.766171974467657,0.245512,6324128,58958
soplex_66B.trace.gz,lru,0,2,False,21.820915956358167,0.374311,8701093,2209365
bfs.trace.gz,lru,1,2,False,12.829437923023372,0.307314,6340928,73791
cc.trace.gz,lru,0,2,False,6.033102,0.475035,3015127,1424
pr.trace.gz,lru,1,2,False,12.588691974822616,0.247835,6243119,51227
xalancbmk_99B.trace.gz,lru,0,2,False,29.38981394122037,0.220122,14650709,44198
mcf_46B.trace.gz,lru,1,2,False,68.60395358837627,0.0970692,33643167,658810
sphinx3_2520B.trace.gz,lru,0,2,False,9.379738,0.656123,4322141,367728
mcf_46B.trace.gz,lru,1,2,False,69.04810558571137,0.0973334,33854698,669355
bfs.trace.gz,lru,0,2,False,11.610006,0.343572,5753656,51347
xalancbmk_99B.trace.gz,lru,1,2,False,27.947945888208217,0.244619,13933347,40626
sphinx3_2520B.trace.gz,lru,0,2,False,3.409233986363064,1.02535,1582480,122137
pr.trace.gz,lru,1,2,False,13.407107973185784,0.240715,6615688,87866
astar_313B.trace.gz,lru,0,2,False,42.10193391579613,0.117643,11148050,9902917
cc.trace.gz,lru,1,2,False,6.216323962702056,0.426012,3106792,1370
bfs.trace.gz,lru,0,2,False,12.723183923660896,0.30808,6292797,68795
soplex_66B.trace.gz,lru,1,2,False,21.79061595641877,0.375857,8677741,2217567
soplex_66B.trace.gz,lru,0,2,False,22.840003954319993,0.347734,9164517,2255485
omnetpp_340B.trace.gz,lru,1,2,False,18.511647925953408,0.255078,7949652,1306172
cc.trace.gz,lru,0,2,False,6.268397987463204,0.421417,3132422,1777
mcf_46B.trace.gz,lru,1,2,False,66.32085160207488,0.100554,32553656,606770
omnetpp_340B.trace.gz,lru,0,2,True,17.20800989675194,0.275336,7366128,1237877
omnetpp_340B.trace.gz,lru,1,2,True,17.204731931181072,0.275337,7364394,1237972
bfs.trace.gz,lru,0,2,False,9.868804,0.332325,4889410,44992
astar_313B.trace.gz,lru,1,2,False,42.46572174520567,0.116951,11205849,10027012
bfs.trace.gz,lru,0,2,False,11.537033930777795,0.356673,5719231,49286
sphinx3_2520B.trace.gz,lru,1,2,False,5.396457989207084,0.85475,2510078,188151
cc.trace.gz,lru,0,2,True,5.988956,0.489339,2993617,861
cc.trace.gz,lru,1,2,True,5.983562,0.489455,2990935,846
astar_313B.trace.gz,lru,0,2,False,43.70461991259076,0.113664,11496338,10355972
mcf_46B.trace.gz,lru,1,2,False,67.44325373022698,0.0941308,33089429,632198
astar_313B.trace.gz,lru,0,4,False,43.03492591393015,0.106826,11405258,10112205
cc.trace.gz,lru,1,4,False,6.45507,0.335333,3226115,1420
astar_313B.trace.gz,lru,2,4,False,43.02663191394674,0.106829,11428463,10084853
astar_313B.trace.gz,lru,3,4,False,43.01851774188889,0.10683,11424035,10085224
astar_313B.trace.gz,lru,0,2,False,42.492008,0.116869,11234332,10011672
pr.trace.gz,lru,1,2,False,12.97807997404384,0.230867,6435454,53586
sphinx3_2520B.trace.gz,lru,0,2,False,9.37475994375144,0.674462,4338566,348814
xalancbmk_99B.trace.gz,lru,1,2,False,29.358415882566337,0.237907,14634014,45194
mcf_46B.trace.gz,lru,0,4,False,66.7224558665551,0.0937923,32749204,612024
bfs.trace.gz,lru,1,4,False,11.569433976861133,0.290533,5739139,45578
mcf_46B.trace.gz,lru,2,4,False,66.78230959930615,0.0937926,32779530,611625
cc.trace.gz,lru,3,4,False,6.3428499619429,0.370337,3169227,2198
omnetpp_340B.trace.gz,lru,0,4,False,17.257285930970856,0.254115,7386253,1242390
bfs.trace.gz,lru,1,4,False,11.917711952329153,0.263687,5909912,48944
omnetpp_340B.trace.gz,lru,2,4,False,17.255301930978792,0.254115,7385372,1242279
mcf_46B.trace.gz,lru,3,4,False,66.48686,0.0921696,32631899,611531
pr.trace.gz,lru,0,2,True,12.610498,0.232372,6258562,46687
pr.trace.gz,lru,1,2,True,12.6168999747662,0.231658,6248248,60202
xalancbmk_99B.trace.gz,lru,0,4,False,28.825802,0.178222,14369856,43045
omnetpp_340B.trace.gz,lru,1,4,False,17.494156,0.249665,7496733,1250345
sphinx3_2520B.trace.gz,lru,2,4,False,4.2737059829051764,0.774554,1971972,164881
astar_313B.trace.gz,lru,3,4,False,42.40411974557528,0.113744,11155935,10046125
bfs.trace.gz,lru,0,4,False,11.518146,0.273576,5712987,46086
omnetpp_340B.trace.gz,lru,1,4,False,16.938437966123125,0.259163,7246794,1222425
mcf_46B.trace.gz,lru,2,4,False,65.885296,0.0944531,32345934,596714
pr.trace.gz,lru,3,4,False,13.027373973945252,0.221352,6449686,64001
soplex_66B.trace.gz,lru,0,4,False,24.197098,0.280375,9797936,2300613
mcf_46B.trace.gz,lru,1,4,False,69.7100335817398,0.0825059,34169269,685748
soplex_66B.trace.gz,lru,2,4,False,24.18861595162277,0.280329,9805253,2289055
sphinx3_2520B.trace.gz,lru,3,4,False,11.663344,0.436275,5365586,466086
astar_313B.trace.gz,lru,0,4,False,43.027928,0.10697,11430259,10083705
astar_313B.trace.gz,lru,1,4,False,43.02447,0.10697,11436058,10076177
cc.trace.gz,lru,2,4,False,6.467352,0.338891,3232071,1605
astar_313B.trace.gz,lru,3,4,False,43.02762574183424,0.106967,11392792,10121021
xalancbmk_99B.trace.gz,lru,0,4,False,29.591433881634266,0.173978,14749414,46303
soplex_66B.trace.gz,lru,1,4,False,22.555429954889142,0.311902,9052422,2225293
pr.trace.gz,lru,2,4,False,13.952761972094477,0.209631,6882029,94352
soplex_66B.trace.gz,lru,3,4,False,22.572072,0.311881,9056454,2229582
bfs.trace.gz,lru,0,4,False,10.063812,0.306699,4989587,42319
pr.trace.gz,lru,1,4,False,12.783127974433745,0.222737,6330542,61022
astar_313B.trace.gz,lru,2,4,False,40.26312991947374,0.119458,10707560,9424005
pr.trace.gz,lru,3,4,False,12.789026,0.226871,6336228,58285
pr.trace.gz,lru,0,4,False,13.486195973027609,0.220405,6664565,78533
sphinx3_2520B.trace.gz,lru,1,4,False,4.672176,0.815509,2165001,171087
soplex_66B.trace.gz,lru,2,4,False,20.760305875438164,0.358853,8249544,2130609
cc.trace.gz,lru,3,4,False,6.46968997412124,0.378435,3232681,2164
sphinx3_2520B.trace.gz,lru,0,4,False,5.950517988098964,0.644149,2746786,228473
omnetpp_340B.trace.gz,lru,1,4,False,17.673711893957726,0.238495,7574665,1262191
mcf_46B.trace.gz,lru,2,4,False,67.5549495946703,0.087385,33139558,637917
astar_313B.trace.gz,lru,3,4,False,42.72272591455455,0.110461,11232306,10129057
xalancbmk_99B.trace.gz,lru,0,2,False,29.344211882623153,0.237112,14627164,44942
sphinx3_2520B.trace.gz,lru,1,2,False,9.382456,0.670224,4336287,354941
sphinx3_2520B.trace.gz,lru,0,4,False,2.1189819872861078,1.07163,996256,63235
bfs.trace.gz,lru,1,4,False,11.300054,0.320938,5599596,50431
xalancbmk_99B.trace.gz,lru,2,4,False,27.620241889519033,0.228916,13769636,40485
cc.trace.gz,lru,3,4,False,6.390051987219896,0.410276,3193374,1652
sphinx3_2520B.trace.gz,lru,0,4,False,5.892361988215276,0.705229,2751316,194865
sphinx3_2520B.trace.gz,lru,1,4,False,6.077516,0.694283,2845223,193535
omnetpp_340B.trace.gz,lru,2,4,False,17.439795930240816,0.262063,7474475,1245423
bfs.trace.gz,lru,3,4,False,11.880636,0.28209,5892426,47892
pr.trace.gz,lru,0,4,False,13.023083973953833,0.223533,6444241,67301
cc.trace.gz,lru,1,4,False,6.303921987392156,0.363285,3150183,1778
mcf_46B.trace.gz,lru,2,4,False,65.56081160663513,0.0958053,32191307,589099
omnetpp_340B.trace.gz,lru,3,4,False,16.798716,0.263453,7185192,1214166
bfs.trace.gz,lru,0,4,False,11.584584,0.324211,5736026,56266
sphinx3_2520B.trace.gz,lru,1,4,False,5.34173,0.779938,2472806,198059
bfs.trace.gz,lru,2,4,False,11.591995930448023,0.32422,5743728,52270
sphinx3_2520B.trace.gz,lru,3,4,False,4.98512997008922,0.80614,2311588,180977
astar_313B.trace.gz,lru,0,4,False,41.836095832655616,0.115306,11089226,9828822
cc.trace.gz,lru,1,4,False,6.26628,0.374681,3132102,1038
astar_313B.trace.gz,lru,2,4,False,41.841017916317966,0.115306,11089638,9830871
cc.trace.gz,lru,3,4,False,6.250968,0.372782,3124922,562
sphinx3_2520B.trace.gz,lru,0,4,False,7.542854,0.605717,3477461,293966
omnetpp_340B.trace.gz,lru,1,4,False,17.851467964297065,0.247769,7653481,1272253
soplex_66B.trace.gz,lru,2,4,False,21.715986,0.320972,8661616,2196377
pr.trace.gz,lru,3,4,False,13.465287973069424,0.215147,6653759,78885
soplex_66B.trace.gz,lru,0,4,False,22.24321595551357,0.293662,8923544,2198064
omnetpp_340B.trace.gz,lru,1,4,False,17.996537964006926,0.232537,7722551,1275718
sphinx3_2520B.trace.gz,lru,2,4,False,8.03111,0.540797,3718230,297325
astar_313B.trace.gz,lru,3,4,False,42.91010391417979,0.108523,11293252,10161800
cc.trace.gz,lru,0,4,False,6.345786,0.370194,3171163,1730
bfs.trace.gz,lru,1,4,False,11.58620993048274,0.290774,5747265,45840
mcf_46B.trace.gz,lru,2,4,False,66.67198959996806,0.093816,32726164,609831
mcf_46B.trace.gz,lru,3,4,False,66.68786959987278,0.0938162,32733032,610903
bfs.trace.gz,lru,0,4,False,9.879504,0.358806,4901074,38678
sphinx3_2520B.trace.gz,lru,1,4,False,0.710367995737792,1.36131,318437,36747
pr.trace.gz,lru,2,4,False,12.991071974017856,0.236844,6430038,65498
cc.trace.gz,lru,3,4,False,6.1944319752222725,0.436755,3095772,1444
mcf_46B.trace.gz,lru,0,2,False,66.76043159943741,0.0997652,32764305,615911
pr.trace.gz,lru,1,2,False,13.157763973684473,0.228049,6506536,72346
soplex_66B.trace.gz,lru,0,4,False,23.277108,0.288113,9383745,2254809
soplex_66B.trace.gz,lru,1,4,False,23.252763906988946,0.288062,9375648,2250734
bfs.trace.gz,lru,2,4,False,13.20781997358436,0.23403,6517993,85917
mcf_46B.trace.gz,lru,3,4,False,69.21066158473603,0.0833798,33933311,672020
bfs.trace.gz,lru,0,4,False,12.691721974616556,0.254478,6276340,69521
sphinx3_2520B.trace.gz,lru,1,4,False,7.579513984840972,0.59442,3497320,292437
soplex_66B.trace.gz,lru,2,4,False,21.414287871514272,0.319114,8525207,2181937
omnetpp_340B.trace.gz,lru,3,4,False,17.77818792888725,0.24653,7619707,1269387
sphinx3_2520B.trace.gz,lru,0,4,False,10.973566,0.497516,5053875,432908
sphinx3_2520B.trace.gz,lru,1,4,False,10.943674,0.498189,5043716,428121
xalancbmk_99B.trace.gz,lru,2,4,False,29.646705881413176,0.179103,14778088,45265
soplex_66B.trace.gz,lru,3,4,False,22.379091955241815,0.32038,8952406,2237140
cc.trace.gz,lru,0,4,False,6.140196,0.411347,3069319,779
cc.trace.gz,lru,1,4,False,6.113337987773324,0.411393,3055457,1212
pr.trace.gz,lru,2,4,False,12.685015974629968,0.232377,6293621,48887
astar_313B.trace.gz,lru,3,4,False,39.461162,0.121195,10531167,9199414
cc.trace.gz,lru,0,4,False,6.274576,0.421413,3136207,1081
cc.trace.gz,lru,1,4,False,6.245998,0.424236,3121661,1338
sphinx3_2520B.trace.gz,lru,2,4,False,3.453957979276252,0.987829,1576948,150031
sphinx3_2520B.trace.gz,lru,3,4,False,3.52836,0.982308,1623715,140465
pr.trace.gz,lru,0,4,False,13.426385973147228,0.221942,6635435,77758
mcf_46B.trace.gz,lru,1,4,False,67.55103186489794,0.0951175,33138666,636850
sphinx3_2520B.trace.gz,lru,2,4,False,5.03436996979378,0.774255,2344238,172947
xalancbmk_99B.trace.gz,lru,3,4,False,28.899666,0.195977,14405576,44257
xalancbmk_99B.trace.gz,lru,0,4,False,29.246112,0.172617,14578863,44193
astar_313B.trace.gz,lru,1,4,False,42.58867991482264,0.11213,11203858,10090482
mcf_46B.trace.gz,lru,2,4,False,67.232999731068,0.0898734,32986353,630147
xalancbmk_99B.trace.gz,lru,3,4,False,29.256438,0.172655,14583573,44646
cc.trace.gz,lru,0,4,False,6.366142,0.366911,3181448,1623
omnetpp_340B.trace.gz,lru,1,4,False,16.999355932002576,0.261194,7276742,1222936
soplex_66B.trace.gz,lru,2,4,False,20.008272,0.346129,7940388,2063748
cc.trace.gz,lru,3,4,False,6.36665998726668,0.367215,3181516,1814
cc.trace.gz,lru,0,4,False,6.442443974230224,0.386974,3219488,1734
sphinx3_2520B.trace.gz,lru,1,4,False,4.365563991268872,0.852368,2021562,161220
soplex_66B.trace.gz,lru,2,4,False,20.51085791795657,0.366278,8139064,2116365
cc.trace.gz,lru,3,4,False,6.462798,0.387178,3229271,2128
omnetpp_340B.trace.gz,lru,0,4,False,17.786493928854025,0.241027,7622689,1270558
mcf_46B.trace.gz,lru,1,4,False,67.65436572938253,0.0883262,33186250,640933
soplex_66B.trace.gz,lru,2,4,False,21.581365956837267,0.311036,8588289,2202394
cc.trace.gz,lru,3,4,False,6.592703986814592,0.333391,3294574,1778
pr.trace.gz,lru,0,4,False,13.398021973203956,0.218948,6622254,76757
soplex_66B.trace.gz,lru,1,4,False,21.089488,0.32498,8383429,2161315
omnetpp_340B.trace.gz,lru,2,4,False,17.617682,0.250189,7548658,1260183
omnetpp_340B.trace.gz,lru,3,4,False,17.621383964757232,0.25019,7550842,1259850
astar_313B.trace.gz,lru,0,4,False,42.612585914774826,0.110697,11224219,10082074
mcf_46B.trace.gz,lru,1,4,False,67.415544,0.0878194,33080216,627556
mcf_46B.trace.gz,lru,2,4,False,67.39596759562419,0.0878195,33070073,627911
pr.trace.gz,lru,3,4,False,13.256919973486161,0.209277,6552190,76270
mcf_46B.trace.gz,lru,0,4,False,68.5931495884411,0.0906561,33643109,653466
mcf_46B.trace.gz,lru,1,4,False,68.60725772557097,0.0906563,33648900,654729
xalancbmk_99B.trace.gz,lru,2,4,False,29.6629498813482,0.182722,14784454,47021
sphinx3_2520B.trace.gz,lru,3,4,False,8.87576996449692,0.577197,4091391,346494
sphinx3_2520B.trace.gz,lru,0,4,False,3.617835992764328,0.843998,1669854,139064
cc.trace.gz,lru,1,4,False,6.5292019869415965,0.352899,3262471,2130
astar_313B.trace.gz,lru,2,4,False,42.36353791527293,0.114019,11153034,10028735
mcf_46B.trace.gz,lru,3,4,False,66.72799773308802,0.0920874,32744464,619535
omnetpp_340B.trace.gz,lru,0,4,False,16.999106,0.242314,7279967,1219586
astar_313B.trace.gz,lru,1,4,False,43.021276,0.11041,11333877,10176761
astar_313B.trace.gz,lru,2,4,False,43.003991741976044,0.110411,11330115,10171881
xalancbmk_99B.trace.gz,lru,3,4,False,28.2890499434219,0.170068,14102185,42340
omnetpp_340B.trace.gz,lru,0,4,False,17.7961759288153,0.241041,7626659,1271429
mcf_46B.trace.gz,lru,1,4,False,67.66913786466172,0.0883153,33192337,642232
cc.trace.gz,lru,2,4,False,6.598912,0.332743,3297779,1677
soplex_66B.trace.gz,lru,3,4,False,21.57953787052277,0.310904,8589746,2200023
pr.trace.gz,lru,0,4,False,12.844593974310813,0.233542,6364998,57299
bfs.trace.gz,lru,1,4,False,10.19291997961416,0.33471,5057336,39124
xalancbmk_99B.trace.gz,lru,2,4,False,26.29098994741802,0.236689,13107351,38144
cc.trace.gz,lru,3,4,False,6.196632,0.417111,3096841,1475
sphinx3_2520B.trace.gz,lru,0,4,False,6.107767987784464,0.635569,2828819,225065
astar_313B.trace.gz,lru,1,4,False,42.69534791460931,0.110497,11231636,10116038
omnetpp_340B.trace.gz,lru,2,4,False,17.670917964658166,0.238535,7574264,1261195
mcf_46B.trace.gz,lru,3,4,False,67.6007518647985,0.0873173,33164024,636352
bfs.trace.gz,lru,0,4,False,10.72909,0.262402,5317165,47380
astar_313B.trace.gz,lru,1,4,False,42.559654,0.111888,11233712,10046115
omnetpp_340B.trace.gz,lru,2,4,False,16.479131967041738,0.248212,7060625,1178941
astar_313B.trace.gz,lru,3,4,False,42.56341774461949,0.111889,11234273,10047436
astar_313B.trace.gz,lru,0,4,False,42.0988497474069,0.116414,11073781,9975644
cc.trace.gz,lru,1,4,False,6.41605,0.379484,3206578,1447
sphinx3_2520B.trace.gz,lru,2,4,False,2.566008,0.984406,1181949,101055
xalancbmk_99B.trace.gz,lru,3,4,False,28.013663887945345,0.198187,13965792,41040
mcf_46B.trace.gz,lru,0,4,False,67.837476,0.0843348,33280076,638662
astar_313B.trace.gz,lru,1,4,False,42.80346974317918,0.107335,11264968,10136767
omnetpp_340B.trace.gz,lru,2,4,False,17.838635892968185,0.228516,7650051,1269267
mcf_46B.trace.gz,lru,3,4,False,67.86123972855505,0.084332,33291189,639431
pr.trace.gz,lru,0,4,False,12.913286,0.228036,6395642,61001
pr.trace.gz,lru,1,4,False,12.928061974143876,0.224633,6401870,62161
mcf_46B.trace.gz,lru,2,4,False,65.14856960910858,0.0984393,31993030,581255
bfs.trace.gz,lru,3,4,False,10.749908,0.30874,5333082,41872
xalancbmk_99B.trace.gz,lru,0,4,False,28.993314,0.191541,14453107,43550
sphinx3_2520B.trace.gz,lru,1,4,False,4.607484,0.792915,2139423,164319
mcf_46B.trace.gz,lru,2,4,False,67.41957159548257,0.0945619,33075922,633864
bfs.trace.gz,lru,3,4,False,12.438821950244712,0.272512,6162153,57258
mcf_46B.trace.gz,lru,0,4,False,66.7255835996465,0.0970279,32745778,617014
bfs.trace.gz,lru,1,4,False,11.550655976898689,0.302612,5724222,51106
sphinx3_2520B.trace.gz,lru,2,4,False,1.684747993261008,1.14029,784822,57552
cc.trace.gz,lru,3,4,False,6.388549974445801,0.383258,3192790,1485
astar_313B.trace.gz,lru,0,4,False,42.68299374390204,0.110543,11227461,10114036
sphinx3_2520B.trace.gz,lru,1,4,False,6.168235962990584,0.633792,2852926,231192
mcf_46B.trace.gz,lru,2,4,False,67.53084186493832,0.0873835,33129715,635706
omnetpp_340B.trace.gz,lru,3,4,False,17.679548,0.238311,7578870,1260904
soplex_66B.trace.gz,lru,0,4,False,23.750144,0.267122,9596157,2278915
soplex_66B.trace.gz,lru,1,4,False,23.672412,0.267105,9561128,2275078
mcf_46B.trace.gz,lru,2,4,False,69.50357758297854,0.0785565,34067600,684189
astar_313B.trace.gz,lru,3,4,False,43.48091773911449,0.101995,11435240,10305219
mcf_46B.trace.gz,lru,0,4,False,68.67204,0.0860994,33679592,656428
bfs.trace.gz,lru,1,4,False,13.084563973830873,0.239752,6471479,70803
soplex_66B.trace.gz,lru,2,4,False,22.410298,0.29949,8961031,2244118
mcf_46B.trace.gz,lru,3,4,False,68.66647558800115,0.0860977,33675756,657482
bfs.trace.gz,lru,0,4,False,11.980276,0.281087,5936645,53493
omnetpp_340B.trace.gz,lru,1,4,False,17.338521930645914,0.263585,7425586,1243675
xalancbmk_99B.trace.gz,lru,2,4,False,28.409877943180245,0.198857,14162374,42565
sphinx3_2520B.trace.gz,lru,3,4,False,2.337113995325772,1.02003,1080540,88017
xalancbmk_99B.trace.gz,lru,0,4,False,28.25839588696642,0.206287,14087612,41586
xalancbmk_99B.trace.gz,lru,1,4,False,28.280073943439852,0.206185,14098872,41165
pr.trace.gz,lru,2,4,False,13.20503997358992,0.22695,6533443,69077
omnetpp_340B.trace.gz,lru,3,4,False,17.234745931061017,0.266632,7376153,1241220
bfs.trace.gz,lru,0,4,False,10.088491979823017,0.305231,5004304,39942
astar_313B.trace.gz,lru,1,4,False,39.86211776082729,0.119954,10600276,9330783
bfs.trace.gz,lru,2,4,False,9.961285980077427,0.303314,4941089,39554
bfs.trace.gz,lru,3,4,False,10.067925959728296,0.305229,4994889,39074
bfs.trace.gz,lru,0,4,False,12.589167949643329,0.258784,6230743,63841
soplex_66B.trace.gz,lru,1,4,False,21.247461957505077,0.324047,8448058,2175673
mcf_46B.trace.gz,lru,2,4,False,67.55316359468101,0.0907228,33140292,636290
pr.trace.gz,lru,3,4,False,13.47428997305142,0.216815,6656939,80206
soplex_66B.trace.gz,lru,0,4,False,22.19544591121822,0.305645,8885414,2212309
astar_313B.trace.gz,lru,1,4,False,43.067617913864765,0.110066,11307089,10226720
xalancbmk_99B.trace.gz,lru,2,4,False,29.487621882049513,0.169223,14698825,44986
sphinx3_2520B.trace.gz,lru,3,4,False,8.525047965899809,0.542041,3933989,328535
astar_313B.trace.gz,lru,0,4,False,41.951043748293735,0.111995,11069804,9905718
mcf_46B.trace.gz,lru,1,4,False,66.342266,0.0887521,32563083,608050
omnetpp_340B.trace.gz,lru,2,4,False,17.135805965728387,0.243594,7335182,1232721
bfs.trace.gz,lru,3,4,False,11.868376,0.249284,5882727,51461
bfs.trace.gz,lru,0,4,False,10.729041978541916,0.311331,5318283,46238
sphinx3_2520B.trace.gz,lru,1,4,False,1.334386,1.19489,615690,51503
omnetpp_340B.trace.gz,lru,2,4,False,16.69888593320446,0.274337,7151081,1198362
cc.trace.gz,lru,3,4,False,6.328251987343497,0.391512,3162848,1278
omnetpp_340B.trace.gz,lru,0,4,False,17.48586993005652,0.256746,7491064,1251871
cc.trace.gz,lru,1,4,False,6.551088,0.355455,3273163,2381
mcf_46B.trace.gz,lru,2,4,False,66.88461159869233,0.0941788,32819806,622500
sphinx3_2520B.trace.gz,lru,3,4,False,3.16336999367326,0.907889,1474268,107417
astar_313B.trace.gz,lru,0,4,False,42.869177742784935,0.113155,11277631,10156958
astar_313B.trace.gz,lru,1,4,False,42.861541742830745,0.113156,11275157,10155614
cc.trace.gz,lru,2,4,False,6.453832,0.369395,3225321,1595
sphinx3_2520B.trace.gz,lru,3,4,False,2.346217985922692,0.984404,1077125,95984
mcf_46B.trace.gz,lru,0,4,False,67.6876335938742,0.0948659,33203582,640235
sphinx3_2520B.trace.gz,lru,1,4,False,5.450668,0.739446,2552099,173235
pr.trace.gz,lru,2,4,False,13.419749973160501,0.220458,6630037,79838
xalancbmk_99B.trace.gz,lru,3,4,False,28.85118182689291,0.196488,14381192,44399
xalancbmk_99B.trace.gz,lru,0,4,False,29.266541941466915,0.178707,14588862,44409
omnetpp_340B.trace.gz,lru,1,4,False,17.81972792872109,0.247615,7638063,1271801
sphinx3_2520B.trace.gz,lru,2,4,False,7.579086,0.600625,3509339,280204
mcf_46B.trace.gz,lru,3,4,False,67.638014,0.0913958,33179278,639729
omnetpp_340B.trace.gz,lru,0,4,False,17.20423189677461,0.252175,7365583,1236533
xalancbmk_99B.trace.gz,lru,1,4,False,28.442999886228,0.177857,14179021,42479
astar_313B.trace.gz,lru,2,4,False,41.975433748147395,0.114118,11080827,9906890
omnetpp_340B.trace.gz,lru,3,4,False,17.210093965579812,0.252176,7368408,1236639
cc.trace.gz,lru,0,4,False,6.17727,0.389183,3087285,1350
bfs.trace.gz,lru,1,4,False,10.011737939929573,0.307265,4965806,40063
bfs.trace.gz,lru,2,4,False,10.045503939726975,0.307143,4982550,40202
astar_313B.trace.gz,lru,3,4,False,39.61204376232774,0.120505,10561886,9244136
xalancbmk_99B.trace.gz,lru,0,4,False,27.217353945565293,0.198485,13567197,41480
astar_313B.trace.gz,lru,1,4,False,41.19258,0.117531,10900046,9696244
bfs.trace.gz,lru,2,4,False,10.89173993464956,0.286835,5400726,45144
pr.trace.gz,lru,3,4,False,12.935537974128925,0.223948,6408872,58897
pr.trace.gz,lru,0,4,False,12.918639974162721,0.227841,6397702,61618
mcf_46B.trace.gz,lru,1,4,False,64.879646,0.0990308,31866830,572993
bfs.trace.gz,lru,2,4,False,10.41889795832441,0.316377,5169654,39795
cc.trace.gz,lru,3,4,False,6.238823987522352,0.387048,3118275,1137
cc.trace.gz,lru,0,4,False,6.329246,0.359172,3163332,1291
astar_313B.trace.gz,lru,1,4,False,41.572337916855325,0.115717,10983045,9803124
pr.trace.gz,lru,2,4,False,13.017131973965736,0.222744,6446413,62153
mcf_46B.trace.gz,lru,3,4,False,65.511126,0.0938591,32166977,588586
omnetpp_340B.trace.gz,lru,0,4,False,17.77240992891036,0.241126,7616980,1269225
cc.trace.gz,lru,1,4,False,6.5944259868111486,0.333564,3295064,2149
mcf_46B.trace.gz,lru,2,4,False,67.69345,0.0882785,33205308,641417
soplex_66B.trace.gz,lru,3,4,False,21.644487956711025,0.310536,8628636,2193608
astar_313B.trace.gz,lru,0,4,False,42.54998391490003,0.112314,11185585,10089407
xalancbmk_99B.trace.gz,lru,1,4,False,28.817953827092275,0.178192,14365072,43905
soplex_66B.trace.gz,lru,2,4,False,21.060088,0.322185,8390009,2140035
cc.trace.gz,lru,3,4,False,6.459163974163344,0.34717,3227602,1980
sphinx3_2520B.trace.gz,lru,0,4,False,8.05570996777716,0.624699,3743829,284026
mcf_46B.trace.gz,lru,1,4,False,67.8874517284502,0.094036,33297178,646548
xalancbmk_99B.trace.gz,lru,2,4,False,29.441992,0.191169,14676371,44625
xalancbmk_99B.trace.gz,lru,3,4,False,29.4165758823337,0.191304,14662871,45417
omnetpp_340B.trace.gz,lru,0,4,False,16.222841935108633,0.266786,6943348,1168073
astar_313B.trace.gz,lru,1,4,False,40.4312999191374,0.118207,10756012,9459638
cc.trace.gz,lru,2,4,False,6.198114,0.365345,3097605,1452
bfs.trace.gz,lru,3,4,False,10.531622,0.286222,5222550,43261
cc.trace.gz,lru,0,4,False,6.304876,0.395857,3150685,1753
omnetpp_340B.trace.gz,lru,1,4,False,16.708902,0.275468,7156961,1197490
pr.trace.gz,lru,2,4,False,12.99772997400454,0.227848,6432857,66008
sphinx3_2520B.trace.gz,lru,3,4,False,1.280483992317096,1.20906,577721,62521
mcf_46B.trace.gz,lru,0,4,False,68.37541186324918,0.0818472,33532716,654990
omnetpp_340B.trace.gz,lru,1,4,False,18.019801891881187,0.223896,7729345,1280556
soplex_66B.trace.gz,lru,2,4,False,22.42262,0.282241,8978302,2233008
astar_313B.trace.gz,lru,3,4,False,42.98881974206708,0.105455,11319275,10175135
astar_313B.trace.gz,lru,0,4,False,42.698694,0.111541,11237658,10111689
pr.trace.gz,lru,1,4,False,13.435227973129544,0.213217,6636261,81353
xalancbmk_99B.trace.gz,lru,2,4,False,28.954779884180883,0.175633,14433643,43747
soplex_66B.trace.gz,lru,3,4,False,21.360511957278977,0.316931,8529522,2150734
omnetpp_340B.trace.gz,lru,0,4,False,16.484859934060562,0.272804,7051043,1191387
bfs.trace.gz,lru,1,4,False,10.749824,0.29962,5331697,43215
omnetpp_340B.trace.gz,lru,2,4,False,16.476058,0.272804,7047028,1191001
pr.trace.gz,lru,3,4,False,12.90500997418998,0.226351,6392690,59815
pr.trace.gz,lru,0,4,False,13.261891973476216,0.215802,6562511,68435
xalancbmk_99B.trace.gz,lru,1,4,False,28.723883942552234,0.178486,14318522,43420
mcf_46B.trace.gz,lru,2,4,False,66.68692786662615,0.0912636,32725775,617689
astar_313B.trace.gz,lru,3,4,False,42.251932,0.113289,11143215,9982751
cc.trace.gz,lru,0,4,False,6.073687987852624,0.454306,3035877,967
cc.trace.gz,lru,1,4,False,6.083496,0.454327,3040343,1405
bfs.trace.gz,lru,2,4,False,8.916651982166696,0.386014,4422322,36004
bfs.trace.gz,lru,3,4,False,8.974731946151607,0.386014,4449691,37675
astar_313B.trace.gz,lru,0,4,False,43.489449739063296,0.105248,11452129,10292596
omnetpp_340B.trace.gz,lru,1,4,False,17.666082,0.224889,7575811,1257230
astar_313B.trace.gz,lru,2,4,False,43.49268773904387,0.105248,11453974,10292370
soplex_66B.trace.gz,lru,3,4,False,21.496485957007028,0.283891,8601769,2146474
astar_313B.trace.gz,lru,0,4,False,41.889565748662605,0.115509,11040962,9903821
omnetpp_340B.trace.gz,lru,1,4,False,17.075125897549245,0.256172,7315853,1221710
bfs.trace.gz,lru,2,4,False,11.487863977024272,0.270447,5695171,48761
sphinx3_2520B.trace.gz,lru,3,4,False,2.272656,1.00075,1047521,88807
astar_313B.trace.gz,lru,0,4,False,40.086854,0.119717,10657372,9386055
pr.trace.gz,lru,1,4,False,12.839933974320132,0.229281,6362972,56995
bfs.trace.gz,lru,2,4,False,10.054762,0.303067,4986046,41335
bfs.trace.gz,lru,3,4,False,10.00845995996616,0.303459,4965454,38776
sphinx3_2520B.trace.gz,lru,0,4,False,8.54945,0.570115,3956834,317891
cc.trace.gz,lru,1,4,False,6.7222779865554445,0.339952,3358713,2426
soplex_66B.trace.gz,lru,2,4,False,21.913564,0.320001,8736033,2220749
mcf_46B.trace.gz,lru,3,4,False,68.16932959098402,0.0903248,33433233,651432
pr.trace.gz,lru,0,4,False,12.896207974207584,0.229774,6387640,60464
cc.trace.gz,lru,1,4,False,6.23061998753876,0.388812,3114311,999
bfs.trace.gz,lru,2,4,False,10.389037937665773,0.316741,5153674,40845
mcf_46B.trace.gz,lru,3,4,False,64.94117974023528,0.0989516,31895457,575133
bfs.trace.gz,lru,0,4,False,10.898795956404816,0.296151,5406998,42400
omnetpp_340B.trace.gz,lru,1,4,False,16.660734,0.270696,7126060,1204307
pr.trace.gz,lru,2,4,False,12.937331974125337,0.224819,6406103,62563
xalancbmk_99B.trace.gz,lru,3,4,False,27.409877835540733,0.206532,13664749,40190
pr.trace.gz,lru,0,4,False,12.784684,0.231174,6337083,55259
pr.trace.gz,lru,1,4,False,12.732413974535172,0.231195,6314229,51978
cc.trace.gz,lru,2,4,False,6.163212,0.402106,3080165,1441
astar_313B.trace.gz,lru,3,4,False,39.940358,0.12034,10632250,9337929
xalancbmk_99B.trace.gz,lru,0,4,False,27.549623944900752,0.187663,13733684,41128
omnetpp_340B.trace.gz,lru,1,4,False,16.763666,0.259667,7173096,1208737
astar_313B.trace.gz,lru,2,4,False,41.353599917292804,0.116363,10937947,9738853
cc.trace.gz,lru,3,4,False,6.309456,0.357731,3153314,1414
bfs.trace.gz,lru,0,4,False,9.189071963243713,0.372958,4558321,36215
pr.trace.gz,lru,1,4,False,12.711627974576745,0.238532,6303981,51833
cc.trace.gz,lru,2,4,False,6.1028719877942565,0.433839,3050332,1104
bfs.trace.gz,lru,3,4,False,9.135496,0.372958,4531695,36053
xalancbmk_99B.trace.gz,lru,0,4,False,29.44212788223149,0.174237,14675485,45579
bfs.trace.gz,lru,1,4,False,12.795556,0.250007,6336648,61130
mcf_46B.trace.gz,lru,2,4,False,68.105544,0.0891814,33403420,649352
soplex_66B.trace.gz,lru,3,4,False,21.85175395629649,0.315512,8704375,2221502
pr.trace.gz,lru,0,4,False,13.248217973503564,0.216463,6554087,70022
astar_313B.trace.gz,lru,1,4,False,42.08377191583246,0.115305,11092146,9949740
sphinx3_2520B.trace.gz,lru,2,4,False,2.457267995085464,0.97629,1130433,98201
omnetpp_340B.trace.gz,lru,3,4,False,17.123775965752447,0.256889,7336263,1225625
sphinx3_2520B.trace.gz,lru,0,4,False,1.694692,1.12538,778945,68401
cc.trace.gz,lru,1,4,False,6.339556,0.389821,3168566,1212
bfs.trace.gz,lru,2,4,False,10.738264,0.310765,5325078,44054
omnetpp_340B.trace.gz,lru,3,4,False,16.67058793331765,0.274085,7139539,1195755
cc.trace.gz,lru,0,4,False,6.48381997406472,0.352909,3239750,2160
astar_313B.trace.gz,lru,1,4,False,42.380461915239074,0.114052,11158556,10031675
sphinx3_2520B.trace.gz,lru,2,4,False,3.390205979658764,0.869788,1566330,128773
mcf_46B.trace.gz,lru,3,4,False,66.842944,0.0919734,32800356,621116
soplex_66B.trace.gz,lru,0,4,False,20.397212,0.358164,8084740,2113866
cc.trace.gz,lru,1,4,False,6.438157961371052,0.37588,3216898,2181
xalancbmk_99B.trace.gz,lru,2,4,False,28.40489788638041,0.202169,14159909,42540
pr.trace.gz,lru,3,4,False,13.159197973681604,0.22343,6512768,66831
pr.trace.gz,lru,0,4,False,13.122131973755737,0.219397,6492674,68392
astar_313B.trace.gz,lru,1,4,False,41.644081750135506,0.115569,11000678,9821363
omnetpp_340B.trace.gz,lru,2,4,False,16.876494,0.256851,7222278,1215969
xalancbmk_99B.trace.gz,lru,3,4,False,27.925061944149878,0.184224,13921001,41530
bfs.trace.gz,lru,0,4,False,10.958765934247404,0.331172,5436958,42425
sphinx3_2520B.trace.gz,lru,1,4,False,4.672641990654716,0.868194,2165527,170794
sphinx3_2520B.trace.gz,lru,2,4,False,4.68872,0.862196,2156755,187605
cc.trace.gz,lru,3,4,False,6.427125974291497,0.412572,3211629,1934
astar_313B.trace.gz,lru,0,4,False,42.13660991572678,0.112174,11109207,9959098
mcf_46B.trace.gz,lru,1,4,False,66.55678186688644,0.0891643,32666280,612111
omnetpp_340B.trace.gz,lru,2,4,False,17.21851596556297,0.244454,7372850,1236408
pr.trace.gz,lru,3,4,False,13.171207973657584,0.213653,6521216,64388
astar_313B.trace.gz,lru,0,4,False,43.337462,0.110785,11375683,10293048
sphinx3_2520B.trace.gz,lru,1,4,False,3.26436,0.851984,1504526,127654
xalancbmk_99B.trace.gz,lru,2,4,False,28.11031788755873,0.178305,14011724,43435
astar_313B.trace.gz,lru,3,4,False,43.35023173989861,0.110785,11380251,10294865
pr.trace.gz,lru,0,8,False,13.349521973300956,0.182813,6597316,77445
soplex_66B.trace.gz,lru,1,8,False,22.196961911212153,0.230376,8915307,2183174
omnetpp_340B.trace.gz,lru,2,8,False,17.843523928625906,0.186386,7651378,1270384
omnetpp_340B.trace.gz,lru,3,8,False,17.861726,0.186268,7659548,1271315
soplex_66B.trace.gz,lru,4,8,False,22.12042595575915,0.230427,8872899,2187314
bfs.trace.gz,lru,5,8,False,12.676478,0.184773,6271951,66288
soplex_66B.trace.gz,lru,6,8,False,22.126943955746114,0.230408,8882169,2181303
astar_313B.trace.gz,lru,7,8,False,41.46600783413597,0.0908975,11026685,9706319
cc.trace.gz,lru,0,8,False,6.391944,0.304602,3194295,1677
bfs.trace.gz,lru,1,8,False,11.85532995257868,0.225624,5878593,49072
soplex_66B.trace.gz,lru,2,8,False,20.248474,0.28619,8024963,2099274
bfs.trace.gz,lru,3,8,False,11.691013976617972,0.227165,5798805,46702
bfs.trace.gz,lru,4,8,False,11.738563929568615,0.226748,5821274,48008
mcf_46B.trace.gz,lru,5,8,False,65.967118,0.0818014,32382625,600934
xalancbmk_99B.trace.gz,lru,6,8,False,28.094452,0.155842,14005336,41890
omnetpp_340B.trace.gz,lru,7,8,False,17.00568993197724,0.224454,7276343,1226502
astar_313B.trace.gz,lru,0,4,False,43.20169,0.106402,11445970,10154875
astar_313B.trace.gz,lru,1,4,False,43.19393574083638,0.106403,11470035,10126933
astar_313B.trace.gz,lru,2,4,False,43.197482,0.106399,11445475,10153266
pr.trace.gz,lru,3,4,False,13.332791973334416,0.196963,6589500,76896
xalancbmk_99B.trace.gz,lru,0,8,False,27.758563944482873,0.157052,13837926,41356
xalancbmk_99B.trace.gz,lru,1,8,False,27.775508,0.157015,13846610,41144
bfs.trace.gz,lru,2,8,False,11.506937976986125,0.228208,5706712,46757
omnetpp_340B.trace.gz,lru,3,8,False,16.691311899852128,0.227754,7140380,1205276
omnetpp_340B.trace.gz,lru,4,8,False,16.671687966656624,0.22795,7131070,1204774
bfs.trace.gz,lru,5,8,False,11.22087995511648,0.230789,5567531,42909
pr.trace.gz,lru,6,8,False,12.94243997411512,0.208592,6409238,61982
astar_313B.trace.gz,lru,7,8,False,39.52810584188758,0.107072,10592781,9171272
mcf_46B.trace.gz,lru,0,4,False,68.6000517255998,0.082873,33647087,652939
mcf_46B.trace.gz,lru,1,4,False,68.603008,0.0828627,33647295,654209
mcf_46B.trace.gz,lru,2,4,False,68.57381158855712,0.08287,33633973,652933
astar_313B.trace.gz,lru,3,4,False,42.93923791412153,0.106103,11309027,10160592
omnetpp_340B.trace.gz,lru,0,4,False,16.839268,0.255672,7206488,1213146
bfs.trace.gz,lru,1,4,False,11.427646,0.26482,5665838,47985
astar_313B.trace.gz,lru,2,4,False,41.45067375129596,0.115556,10958998,9766339
xalancbmk_99B.trace.gz,lru,3,4,False,28.047333887810666,0.181445,13981895,41772
bfs.trace.gz,lru,0,4,False,12.879675922721944,0.25036,6376776,63062
sphinx3_2520B.trace.gz,lru,1,4,False,9.315653981368692,0.53222,4302360,355467
soplex_66B.trace.gz,lru,2,4,False,22.066582,0.313004,8800721,2232570
mcf_46B.trace.gz,lru,3,4,False,68.20081959079508,0.0889419,33446446,653964
xalancbmk_99B.trace.gz,lru,0,4,False,28.7045,0.178574,14308351,43899
astar_313B.trace.gz,lru,1,4,False,42.27151791545697,0.113366,11139038,9996721
pr.trace.gz,lru,2,4,False,13.196707973606584,0.21729,6531407,66947
mcf_46B.trace.gz,lru,3,4,False,66.6691,0.0912022,32718099,616451
astar_313B.trace.gz,lru,0,4,False,43.666254,0.105901,11481801,10351326
soplex_66B.trace.gz,lru,1,4,False,21.882359912470562,0.291373,8736589,2204591
astar_313B.trace.gz,lru,2,4,False,43.66305573802166,0.105901,11481202,10350326
sphinx3_2520B.trace.gz,lru,3,4,False,6.398017987203964,0.591843,2958057,240952
xalancbmk_99B.trace.gz,lru,0,4,False,28.783381884866472,0.210983,14347886,43805
bfs.trace.gz,lru,1,4,False,12.286662,0.295801,6090479,52852
sphinx3_2520B.trace.gz,lru,2,4,False,6.358045987283909,0.715102,2938876,240147
sphinx3_2520B.trace.gz,lru,3,4,False,6.607769973568921,0.699275,3075384,228501
xalancbmk_99B.trace.gz,lru,0,4,False,28.967848,0.178365,14440259,43665
omnetpp_340B.trace.gz,lru,1,4,False,17.58035792967857,0.24977,7529589,1260590
omnetpp_340B.trace.gz,lru,2,4,False,17.589047929643808,0.24977,7533989,1260535
mcf_46B.trace.gz,lru,3,4,False,67.18763,0.0909031,32964718,629097
sphinx3_2520B.trace.gz,lru,0,4,False,2.738712,0.964325,1272228,97128
xalancbmk_99B.trace.gz,lru,1,4,False,28.399976,0.199086,14157477,42511
omnetpp_340B.trace.gz,lru,2,4,False,17.358065930567737,0.26345,7434705,1244328
bfs.trace.gz,lru,3,4,False,11.889472,0.282237,5890487,54249
omnetpp_340B.trace.gz,lru,0,8,False,17.3118999653762,0.230525,7413524,1242426
xalancbmk_99B.trace.gz,lru,1,8,False,28.610115828339303,0.161082,14262920,42138
xalancbmk_99B.trace.gz,lru,2,8,False,28.70067394259865,0.16074,14306874,43463
pr.trace.gz,lru,3,8,False,13.202511973594977,0.207073,6534967,66289
sphinx3_2520B.trace.gz,lru,4,8,False,0.70485999859028,1.29198,324253,28177
bfs.trace.gz,lru,5,8,False,12.128658,0.23201,6013895,50434
bfs.trace.gz,lru,6,8,False,11.970747976058504,0.233183,5934080,51294
soplex_66B.trace.gz,lru,7,8,False,20.87166,0.294825,8297213,2138617
bfs.trace.gz,lru,0,8,False,12.30493997539012,0.218268,6100101,52369
xalancbmk_99B.trace.gz,lru,1,8,False,28.63202994273594,0.151425,14272981,43034
pr.trace.gz,lru,2,8,False,13.039045973921908,0.202622,6454462,65061
bfs.trace.gz,lru,3,8,False,12.389914,0.21777,6137550,57407
mcf_46B.trace.gz,lru,4,8,False,66.67729359993623,0.0801424,32722455,616192
bfs.trace.gz,lru,5,8,False,12.178106,0.219133,6037891,51162
mcf_46B.trace.gz,lru,6,8,False,66.698992,0.0801423,32732986,616510
soplex_66B.trace.gz,lru,7,8,False,20.715284,0.2797,8218125,2139517
bfs.trace.gz,lru,0,8,False,12.225527951097888,0.201049,6062235,50529
xalancbmk_99B.trace.gz,lru,1,8,False,28.669531942660935,0.137068,14291723,43043
mcf_46B.trace.gz,lru,2,8,False,66.87789786624421,0.0734362,32818300,620649
soplex_66B.trace.gz,lru,3,8,False,20.982812,0.254068,8332121,2159285
omnetpp_340B.trace.gz,lru,4,8,False,17.394533895632797,0.202554,7447415,1249852
astar_313B.trace.gz,lru,5,8,False,40.50822175695067,0.097919,10811545,9442566
omnetpp_340B.trace.gz,lru,6,8,False,17.342661965314676,0.202948,7424234,1247097
bfs.trace.gz,lru,7,8,False,12.342582,0.200107,6114649,56642
cc.trace.gz,lru,0,8,False,6.37361998725276,0.315386,3184905,1905
omnetpp_340B.trace.gz,lru,1,8,False,17.000242,0.232784,7274441,1225680
xalancbmk_99B.trace.gz,lru,2,8,False,28.274727943450543,0.159942,14095754,41610
xalancbmk_99B.trace.gz,lru,3,8,False,28.20317994359364,0.160228,14059644,41946
pr.trace.gz,lru,4,8,False,13.023093973953813,0.207925,6448418,63129
omnetpp_340B.trace.gz,lru,5,8,False,17.009542,0.232742,7278824,1225947
cc.trace.gz,lru,6,8,False,6.336154,0.315642,3165992,2085
soplex_66B.trace.gz,lru,7,8,False,20.162036,0.296576,8000906,2080112
cc.trace.gz,lru,0,8,False,6.413365987173268,0.300538,3205296,1387
pr.trace.gz,lru,1,8,False,13.078336,0.197175,6473695,65473
pr.trace.gz,lru,2,8,False,13.034823921791055,0.197984,6461170,56242
astar_313B.trace.gz,lru,3,8,False,41.825404,0.10325,11077824,9834878
sphinx3_2520B.trace.gz,lru,4,8,False,1.614814,0.991805,743817,63590
astar_313B.trace.gz,lru,5,8,False,41.81258591637483,0.10325,11076169,9830124
pr.trace.gz,lru,6,8,False,13.037783973924432,0.195981,6452986,65906
astar_313B.trace.gz,lru,7,8,False,41.82636783269453,0.103249,11030782,9882402
mcf_46B.trace.gz,lru,0,8,False,66.990253732039,0.0765253,32873014,622113
soplex_66B.trace.gz,lru,1,8,False,21.122415915510338,0.264013,8420964,2140244
mcf_46B.trace.gz,lru,2,8,False,66.97256586605486,0.0765237,32864645,621638
cc.trace.gz,lru,3,8,False,6.498745961007524,0.288352,3247664,1709
xalancbmk_99B.trace.gz,lru,4,8,False,28.710459885158162,0.142955,14311304,43926
pr.trace.gz,lru,5,8,False,13.180487973639025,0.191681,6519521,70723
astar_313B.trace.gz,lru,6,8,False,40.83147383667411,0.10045,10866208,9549529
bfs.trace.gz,lru,7,8,False,12.220135975559728,0.20887,6055580,54488
soplex_66B.trace.gz,lru,0,8,False,20.04255995991488,0.300177,7964022,2057258
cc.trace.gz,lru,1,8,False,6.336438,0.317291,3166740,1479
bfs.trace.gz,lru,2,8,False,11.727112,0.237676,5816520,47036
cc.trace.gz,lru,3,8,False,6.34695996191824,0.316773,3171866,1614
pr.trace.gz,lru,4,8,False,13.0037499739925,0.211099,6437525,64350
soplex_66B.trace.gz,lru,5,8,False,19.984751960030497,0.300158,7935038,2057338
xalancbmk_99B.trace.gz,lru,6,8,False,28.157337887370648,0.162525,14036866,41803
bfs.trace.gz,lru,7,8,False,11.682974,0.237785,5795296,46191
omnetpp_340B.trace.gz,lru,0,8,False,17.721647964556706,0.197749,7595864,1264960
cc.trace.gz,lru,1,8,False,6.517097973931608,0.275893,3256061,2488
astar_313B.trace.gz,lru,2,8,False,41.24472983502108,0.0958608,10979107,9643258
mcf_46B.trace.gz,lru,3,8,False,67.65425359407448,0.0719278,33189083,638044
xalancbmk_99B.trace.gz,lru,4,8,False,29.24086988303652,0.134025,14575539,44896
pr.trace.gz,lru,5,8,False,13.215375973569248,0.189875,6537455,70233
soplex_66B.trace.gz,lru,6,8,False,21.64072991343708,0.247148,8641240,2179125
soplex_66B.trace.gz,lru,7,8,False,21.753176,0.247155,8691989,2184599
bfs.trace.gz,lru,0,8,False,11.63254,0.225023,5769215,47055
xalancbmk_99B.trace.gz,lru,1,8,False,28.17403788730385,0.152893,14045536,41483
cc.trace.gz,lru,2,8,False,6.3858999744564,0.304515,3190487,2463
soplex_66B.trace.gz,lru,3,8,False,20.151162,0.283057,7998050,2077531
cc.trace.gz,lru,4,8,False,6.3348939746604245,0.304124,3165792,1655
astar_313B.trace.gz,lru,5,8,False,40.03013575981918,0.105428,10688927,9326141
bfs.trace.gz,lru,6,8,False,11.854681976290637,0.222919,5876014,51327
mcf_46B.trace.gz,lru,7,8,False,65.8872478682255,0.0809371,32345068,598556
omnetpp_340B.trace.gz,lru,0,8,False,17.472343930110625,0.222161,7484951,1251221
xalancbmk_99B.trace.gz,lru,1,8,False,28.877441884490235,0.153578,14395533,43188
xalancbmk_99B.trace.gz,lru,2,8,False,28.816787827099272,0.15379,14364317,44077
omnetpp_340B.trace.gz,lru,3,8,False,17.48040989511754,0.222024,7487774,1252431
pr.trace.gz,lru,4,8,False,13.21065997357868,0.201602,6535474,69856
sphinx3_2520B.trace.gz,lru,5,8,False,1.432546,1.10055,662884,53389
bfs.trace.gz,lru,6,8,False,12.18931997562136,0.223107,6042348,52312
soplex_66B.trace.gz,lru,7,8,False,21.041487957917024,0.282957,8377626,2143118
soplex_66B.trace.gz,lru,0,8,False,21.185405872887564,0.241538,8454303,2138400
cc.trace.gz,lru,1,8,False,6.476114,0.27041,3236129,1928
omnetpp_340B.trace.gz,lru,2,8,False,17.344131895935206,0.194939,7433021,1239045
omnetpp_340B.trace.gz,lru,3,8,False,17.3256999306972,0.195005,7424645,1238205
pr.trace.gz,lru,4,8,False,13.13697997372604,0.186312,6504897,63593
mcf_46B.trace.gz,lru,5,8,False,66.99960786600079,0.0701061,32878438,621366
astar_313B.trace.gz,lru,6,8,False,41.694816,0.0944137,11035814,9811594
astar_313B.trace.gz,lru,7,8,False,41.67667591664665,0.0944133,11035582,9802756
sphinx3_2520B.trace.gz,lru,0,8,False,1.4789379940842482,1.0351,677824,61645
bfs.trace.gz,lru,1,8,False,11.901396,0.215834,5896852,53846
astar_313B.trace.gz,lru,2,8,False,41.65812591668375,0.101993,11025583,9803480
bfs.trace.gz,lru,3,8,False,11.978261976043477,0.215212,5933238,55893
astar_313B.trace.gz,lru,4,8,False,41.668295833326816,0.101994,11025976,9808172
xalancbmk_99B.trace.gz,lru,5,8,False,28.221255887114978,0.146411,14068197,42431
soplex_66B.trace.gz,lru,6,8,False,20.856707958286584,0.267252,8322759,2105595
pr.trace.gz,lru,7,8,False,13.132385973735229,0.197646,6498204,67989
mcf_46B.trace.gz,lru,0,8,False,66.0083498679833,0.0676866,32408033,596142
mcf_46B.trace.gz,lru,1,8,False,66.01902160388586,0.0676861,32412100,597411
astar_313B.trace.gz,lru,2,8,False,42.761438,0.0891526,11297203,10083516
astar_313B.trace.gz,lru,3,8,False,42.75210182899159,0.0891535,11302127,10073924
astar_313B.trace.gz,lru,4,8,False,42.74574782901701,0.0891519,11293542,10079332
astar_313B.trace.gz,lru,5,8,False,42.743499743539,0.0891532,11273340,10098410
cc.trace.gz,lru,6,8,False,6.530474,0.258075,3262601,2636
cc.trace.gz,lru,7,8,False,6.48107,0.257379,3238696,1839
sphinx3_2520B.trace.gz,lru,0,8,False,0.7832999984334,1.24586,354354,37296
pr.trace.gz,lru,1,8,False,12.877575974244849,0.205359,6385269,53519
bfs.trace.gz,lru,2,8,False,11.661537953353848,0.228813,5782509,48260
astar_313B.trace.gz,lru,3,8,False,40.25854,0.106247,10757200,9372070
omnetpp_340B.trace.gz,lru,4,8,False,16.97366989815798,0.22591,7265946,1220889
bfs.trace.gz,lru,5,8,False,11.647823976704352,0.228976,5772483,51429
cc.trace.gz,lru,6,8,False,6.3911,0.307403,3193640,1910
soplex_66B.trace.gz,lru,7,8,False,20.42505995914988,0.283971,8143988,2068542
xalancbmk_99B.trace.gz,lru,0,8,False,29.29868,0.116859,14604407,44933
mcf_46B.trace.gz,lru,1,8,False,67.901568,0.0639307,33312763,638021
mcf_46B.trace.gz,lru,2,8,False,67.89303,0.0639384,33307646,638869
astar_313B.trace.gz,lru,3,8,False,42.909382,0.0862477,11322365,10132326
astar_313B.trace.gz,lru,4,8,False,42.90816582836734,0.0862487,11322890,10131193
astar_313B.trace.gz,lru,5,8,False,42.886417742681495,0.0862478,11282913,10160296
omnetpp_340B.trace.gz,lru,6,8,False,17.729914,0.176181,7601492,1263465
soplex_66B.trace.gz,lru,7,8,False,22.02255,0.215205,8792967,2218308
astar_313B.trace.gz,lru,0,8,False,39.88125992023748,0.0996769,10676743,9263887
omnetpp_340B.trace.gz,lru,1,8,False,17.139066,0.206534,7336914,1232619
omnetpp_340B.trace.gz,lru,2,8,False,17.02573996594852,0.207452,7286392,1226478
omnetpp_340B.trace.gz,lru,3,8,False,17.019892,0.207491,7283802,1226144
pr.trace.gz,lru,4,8,False,12.956317974087364,0.195332,6415068,63091
xalancbmk_99B.trace.gz,lru,5,8,False,28.315843943368314,0.139021,14115488,42434
omnetpp_340B.trace.gz,lru,6,8,False,17.113631965772736,0.206753,7324890,1231926
omnetpp_340B.trace.gz,lru,7,8,False,17.123564,0.206667,7328910,1232872
xalancbmk_99B.trace.gz,lru,0,8,False,29.62366588150534,0.127378,14765648,46185
soplex_66B.trace.gz,lru,1,8,False,22.3811499552377,0.233769,8982661,2207914
astar_313B.trace.gz,lru,2,8,False,41.72793974963236,0.0920944,11072239,9791731
soplex_66B.trace.gz,lru,3,8,False,22.3911998656528,0.233741,8983056,2212544
bfs.trace.gz,lru,4,8,False,12.842944,0.187058,6353734,67738
sphinx3_2520B.trace.gz,lru,5,8,False,7.281016,0.469034,3363570,276938
omnetpp_340B.trace.gz,lru,6,8,False,17.987988,0.18878,7715263,1278731
soplex_66B.trace.gz,lru,7,8,False,22.347105910611578,0.233735,8963629,2209924
astar_313B.trace.gz,lru,0,8,False,42.967202,0.0871125,11328290,10155311
xalancbmk_99B.trace.gz,lru,1,8,False,29.30446788278213,0.119377,14607295,44939
omnetpp_340B.trace.gz,lru,2,8,False,17.764206,0.179274,7615549,1266554
astar_313B.trace.gz,lru,3,8,False,42.96662991406674,0.0871136,11325985,10157330
soplex_66B.trace.gz,lru,4,8,False,22.233631911065473,0.21816,8908894,2207922
sphinx3_2520B.trace.gz,lru,5,8,False,5.01100998997798,0.544143,2309992,195513
soplex_66B.trace.gz,lru,6,8,False,22.219328,0.21823,8907395,2202269
astar_313B.trace.gz,lru,7,8,False,42.96479574221122,0.0871122,11305991,10176407
astar_313B.trace.gz,lru,0,8,False,41.51527991696944,0.094077,11002553,9755087
soplex_66B.trace.gz,lru,1,8,False,20.9927499580145,0.241606,8385556,2110819
soplex_66B.trace.gz,lru,2,8,False,21.00037595799925,0.241567,8385285,2114903
bfs.trace.gz,lru,3,8,False,12.10815795156737,0.194673,5991793,62286
omnetpp_340B.trace.gz,lru,4,8,False,17.322571965354857,0.195039,7421659,1239627
bfs.trace.gz,lru,5,8,False,12.107232,0.194653,5988051,65565
bfs.trace.gz,lru,6,8,False,12.270472,0.193161,6075219,60017
astar_313B.trace.gz,lru,7,8,False,41.49348975103906,0.0940765,10998046,9748699
mcf_46B.trace.gz,lru,0,8,False,66.24121986751756,0.0753602,32517426,603184
soplex_66B.trace.gz,lru,1,8,False,20.50021595899957,0.259834,8171619,2078489
cc.trace.gz,lru,2,8,False,6.40135998719728,0.285233,3199167,1513
astar_313B.trace.gz,lru,3,8,False,41.195175752828945,0.099491,10934588,9663000
pr.trace.gz,lru,4,8,False,13.008777973982445,0.195195,6443092,61297
bfs.trace.gz,lru,5,8,False,11.742475953030096,0.209658,5817047,54191
bfs.trace.gz,lru,6,8,False,11.741512,0.209584,5821347,49409
astar_313B.trace.gz,lru,7,8,False,41.198244,0.0994925,10934452,9664670
soplex_66B.trace.gz,lru,0,8,False,21.802728,0.249461,8715782,2185582
omnetpp_340B.trace.gz,lru,1,8,False,17.859061892845627,0.198833,7657102,1272429
cc.trace.gz,lru,2,8,False,6.605308,0.277659,3300011,2643
soplex_66B.trace.gz,lru,3,8,False,21.869473956261054,0.249438,8745116,2189621
soplex_66B.trace.gz,lru,4,8,False,21.832464,0.249486,8730892,2185340
omnetpp_340B.trace.gz,lru,5,8,False,17.863563928545744,0.19872,7659397,1272385
cc.trace.gz,lru,6,8,False,6.650254,0.277465,3323422,1705
sphinx3_2520B.trace.gz,lru,7,8,False,6.413417974346328,0.529661,2953794,252915
xalancbmk_99B.trace.gz,lru,0,8,False,28.958113942083774,0.161101,14434896,44161
soplex_66B.trace.gz,lru,1,8,False,20.978984,0.297419,8344871,2144621
cc.trace.gz,lru,2,8,False,6.519235986961528,0.316363,3257615,2003
cc.trace.gz,lru,3,8,False,6.468671961187968,0.315022,3232846,1490
soplex_66B.trace.gz,lru,4,8,False,20.97760987413434,0.297437,8352473,2136332
cc.trace.gz,lru,5,8,False,6.440776,0.31611,3218270,2118
sphinx3_2520B.trace.gz,lru,6,8,False,1.55125999069244,1.10172,713143,62487
xalancbmk_99B.trace.gz,lru,7,8,False,28.95309788418761,0.16093,14431503,45046
xalancbmk_99B.trace.gz,lru,0,8,False,28.561248,0.162239,14237904,42720
pr.trace.gz,lru,1,8,False,13.189868,0.208118,6527992,66942
bfs.trace.gz,lru,2,8,False,12.032507975934985,0.233791,5965852,50402
pr.trace.gz,lru,3,8,False,13.190875973618247,0.207321,6526717,68721
soplex_66B.trace.gz,lru,4,8,False,20.865973916536106,0.295754,8299323,2133664
xalancbmk_99B.trace.gz,lru,5,8,False,28.694913942610174,0.161486,14303630,43827
omnetpp_340B.trace.gz,lru,6,8,False,17.377763965244473,0.230464,7443344,1245538
sphinx3_2520B.trace.gz,lru,7,8,False,1.171976,1.1707,535957,50031
astar_313B.trace.gz,lru,0,8,False,42.455723915088555,0.0986473,11169391,10058471
omnetpp_340B.trace.gz,lru,1,8,False,17.092241965815518,0.207587,7323359,1222762
sphinx3_2520B.trace.gz,lru,2,8,False,2.2495999955008,0.864749,1030232,94568
astar_313B.trace.gz,lru,3,8,False,42.467102,0.0986463,11185075,10048476
pr.trace.gz,lru,4,8,False,13.332665920004004,0.18832,6590523,75810
astar_313B.trace.gz,lru,5,8,False,42.47323,0.0986476,11180442,10056173
sphinx3_2520B.trace.gz,lru,6,8,False,2.449625990201496,0.822878,1126242,98571
pr.trace.gz,lru,7,8,False,13.21981997356036,0.190035,6547399,62511
omnetpp_340B.trace.gz,lru,0,8,False,16.936587898380473,0.218507,7251912,1216382
omnetpp_340B.trace.gz,lru,1,8,False,16.931625932273498,0.218492,7250336,1215477
astar_313B.trace.gz,lru,2,8,False,41.26986175238083,0.102841,10950073,9684858
sphinx3_2520B.trace.gz,lru,3,8,False,1.088416,1.13514,500205,44003
cc.trace.gz,lru,4,8,False,6.44698996131806,0.296845,3221203,2292
pr.trace.gz,lru,5,8,False,13.088615973822769,0.19896,6478474,65834
astar_313B.trace.gz,lru,6,8,False,41.262812,0.102843,10949235,9682171
xalancbmk_99B.trace.gz,lru,7,8,False,28.0233999439532,0.147875,13969212,42488
pr.trace.gz,lru,0,8,False,13.1352499737295,0.210496,6496857,70768
soplex_66B.trace.gz,lru,1,8,False,20.42722,0.294284,8141375,2072235
bfs.trace.gz,lru,2,8,False,11.676114,0.236877,5787233,50824
bfs.trace.gz,lru,3,8,False,11.546237976907525,0.237844,5725296,47823
omnetpp_340B.trace.gz,lru,4,8,False,16.996091898023447,0.234066,7275873,1222173
sphinx3_2520B.trace.gz,lru,5,8,False,0.94240999623036,1.21577,433129,38076
omnetpp_340B.trace.gz,lru,6,8,False,16.997105966005787,0.234066,7276770,1221783
cc.trace.gz,lru,7,8,False,6.411988,0.316464,3204068,1926
soplex_66B.trace.gz,lru,0,8,False,21.354491871873048,0.256022,8556455,2120791
omnetpp_340B.trace.gz,lru,1,8,False,17.382567895704593,0.207237,7451396,1239888
cc.trace.gz,lru,2,8,False,6.542991986914016,0.284719,3270003,1493
astar_313B.trace.gz,lru,3,8,False,41.64801975011188,0.0995426,11020646,9803364
sphinx3_2520B.trace.gz,lru,4,8,False,3.7002999925994002,0.697716,1706682,143468
bfs.trace.gz,lru,5,8,False,12.009487927943072,0.208984,5944160,60584
sphinx3_2520B.trace.gz,lru,6,8,False,3.859274,0.686987,1791113,138524
astar_313B.trace.gz,lru,7,8,False,41.67478174995131,0.0995422,11024466,9812925
soplex_66B.trace.gz,lru,0,8,False,20.958923874246455,0.271315,8343045,2136417
cc.trace.gz,lru,1,8,False,6.4775799740896804,0.294527,3236925,1865
bfs.trace.gz,lru,2,8,False,12.25233,0.213832,6072765,53400
astar_313B.trace.gz,lru,3,8,False,40.93961591812077,0.101722,10890065,9579743
soplex_66B.trace.gz,lru,4,8,False,20.894261958211477,0.271349,8320193,2126938
xalancbmk_99B.trace.gz,lru,5,8,False,28.795638,0.146605,14354389,43430
pr.trace.gz,lru,6,8,False,13.083171973833656,0.199283,6474809,66777
xalancbmk_99B.trace.gz,lru,7,8,False,28.90710788437157,0.146149,14410071,43483
omnetpp_340B.trace.gz,lru,0,8,False,17.08183596583633,0.210173,7309421,1231497
pr.trace.gz,lru,1,8,False,12.986113974027772,0.198747,6432766,60291
mcf_46B.trace.gz,lru,2,8,False,66.29955973480176,0.0758552,32543432,606348
bfs.trace.gz,lru,3,8,False,11.852871952588513,0.209153,5877564,48872
omnetpp_340B.trace.gz,lru,4,8,False,17.083226,0.210174,7309662,1231951
bfs.trace.gz,lru,5,8,False,11.917681976164637,0.20858,5908237,50604
mcf_46B.trace.gz,lru,6,8,False,66.27191586745617,0.0758482,32530728,605230
astar_313B.trace.gz,lru,7,8,False,40.111028,0.100389,10723031,9332483
omnetpp_340B.trace.gz,lru,0,8,False,17.361525930553896,0.220267,7435537,1245226
bfs.trace.gz,lru,1,8,False,12.141761927149428,0.222192,6016976,53905
bfs.trace.gz,lru,2,8,False,12.22846,0.221687,6058734,55496
soplex_66B.trace.gz,lru,3,8,False,20.866735958266528,0.279588,8311859,2121509
bfs.trace.gz,lru,4,8,False,12.171496,0.222361,6033495,52253
soplex_66B.trace.gz,lru,5,8,False,20.81133187513201,0.279569,8285609,2120057
sphinx3_2520B.trace.gz,lru,6,8,False,1.102975995588096,1.17095,504812,46676
cc.trace.gz,lru,7,8,False,6.476498,0.302494,3236718,1531
sphinx3_2520B.trace.gz,lru,0,8,False,0.625381996247708,1.31445,283164,29527
soplex_66B.trace.gz,lru,1,8,False,19.888405920446377,0.302428,7931042,2013161
cc.trace.gz,lru,2,8,False,6.327881987344236,0.323165,3162930,1011
bfs.trace.gz,lru,3,8,False,11.317253932096476,0.244899,5609775,48852
astar_313B.trace.gz,lru,4,8,False,39.84541384061835,0.110983,10643732,9278975
pr.trace.gz,lru,5,8,False,12.845849974308301,0.208038,6365502,57423
cc.trace.gz,lru,6,8,False,6.347494,0.323306,3172124,1623
bfs.trace.gz,lru,7,8,False,11.246407932521551,0.245218,5575433,47771
bfs.trace.gz,lru,0,8,False,10.802308,0.239473,5359799,41355
pr.trace.gz,lru,1,8,False,12.797923974404153,0.208501,6344546,54416
cc.trace.gz,lru,2,8,False,6.24248998751502,0.31161,3119345,1900
pr.trace.gz,lru,3,8,False,12.824708,0.209409,6356958,55396
omnetpp_340B.trace.gz,lru,4,8,False,16.449242,0.231667,7036585,1188036
mcf_46B.trace.gz,lru,5,8,False,64.815066,0.0839797,31836445,571088
bfs.trace.gz,lru,6,8,False,10.9699,0.237731,5441435,43515
astar_313B.trace.gz,lru,7,8,False,39.075532,0.10878,10496028,9041738
xalancbmk_99B.trace.gz,lru,0,8,False,28.979985884080058,0.145174,14446241,43752
astar_313B.trace.gz,lru,1,8,False,41.91959583232162,0.101765,11079221,9880577
sphinx3_2520B.trace.gz,lru,2,8,False,3.286805986852776,0.760139,1515951,127452
xalancbmk_99B.trace.gz,lru,3,8,False,28.96490988414036,0.145154,14438725,43730
sphinx3_2520B.trace.gz,lru,4,8,False,3.601831985592672,0.73243,1667058,133858
omnetpp_340B.trace.gz,lru,5,8,False,17.44149,0.214223,7472118,1248627
astar_313B.trace.gz,lru,6,8,False,41.91220591617559,0.101765,11074951,9881152
xalancbmk_99B.trace.gz,lru,7,8,False,28.950003884199987,0.145106,14430596,44406
astar_313B.trace.gz,lru,0,8,False,39.50067792099865,0.108845,10594851,9155488
cc.trace.gz,lru,1,8,False,6.305168,0.31381,3151037,1547
xalancbmk_99B.trace.gz,lru,2,8,False,27.668326,0.16124,13793308,40855
bfs.trace.gz,lru,3,8,False,11.34217993194692,0.236653,5627190,43900
bfs.trace.gz,lru,4,8,False,11.149793955400824,0.238358,5529517,45380
bfs.trace.gz,lru,5,8,False,11.176665955293336,0.238414,5543222,45111
pr.trace.gz,lru,6,8,False,12.916927974166144,0.210586,6397762,60702
soplex_66B.trace.gz,lru,7,8,False,19.635167921459328,0.295486,7821651,1995933
pr.trace.gz,lru,0,8,False,12.962181948151272,0.216783,6418196,62895
soplex_66B.trace.gz,lru,1,8,False,19.744563960510874,0.317073,7830244,2042038
xalancbmk_99B.trace.gz,lru,2,8,False,27.749602,0.173815,13833999,40802
xalancbmk_99B.trace.gz,lru,3,8,False,27.63592,0.174341,13777204,40756
bfs.trace.gz,lru,4,8,False,11.37010997725978,0.25101,5640237,44818
cc.trace.gz,lru,5,8,False,6.278458,0.326867,3137943,1286
bfs.trace.gz,lru,6,8,False,11.198888,0.253224,5554827,44617
pr.trace.gz,lru,7,8,False,12.929313974141373,0.217254,6405941,58716
pr.trace.gz,lru,0,8,False,12.855297974289405,0.210267,6368521,59128
bfs.trace.gz,lru,1,8,False,10.832883956668464,0.239251,5373113,43329
pr.trace.gz,lru,2,8,False,12.886391974227216,0.21,6380248,62948
omnetpp_340B.trace.gz,lru,3,8,False,16.482882,0.234175,7051714,1189727
bfs.trace.gz,lru,4,8,False,11.093677933437931,0.236486,5502980,43859
omnetpp_340B.trace.gz,lru,5,8,False,16.475614,0.234175,7048853,1188954
xalancbmk_99B.trace.gz,lru,6,8,False,27.374718,0.159926,13646110,41249
astar_313B.trace.gz,lru,7,8,False,39.124976,0.108628,10502273,9060215
